{
    "stats_ate": {
        "mean_bias": -0.0008339397636855872,
        "rmse": 0.010138109091333343,
        "mae": 0.00853358944140169,
        "std_estimate": 0.010138109091333343
    },
    "stats_ate_under": {
        "mean_bias": -0.0017297990555322107,
        "rmse": 0.006691150491333673,
        "mae": 0.005726480260710454,
        "std_estimate": 0.006691150491333673
    },
    "stats_ate_under_all": {
        "mean_bias": -0.047267114807762876,
        "rmse": 0.01560285279008477,
        "mae": 0.047267114807762876,
        "std_estimate": 0.015602852790084769
    },
    "stats_regret": {
        "mean_regret": 0.2370676407108109,
        "std_regret": 0.005848869743416117,
        "median_regret": 0.23628628813123964
    },
    "stats_regret_under": {
        "mean_regret": 0.23975722809152908,
        "std_regret": 0.005353951434292578,
        "median_regret": 0.23878090913883787
    },
    "stats_regret_under_all": {
        "mean_regret": 0.24407441841607586,
        "std_regret": 0.0040361318198020016,
        "median_regret": 0.24158194603368865
    },
    "mean_proportion_treated": 0.12280099999999998,
    "std_proportion_treated": 0.0014713221944903845
}