{
    "stats_ate": {
        "mean_bias": -0.0018013792169148002,
        "rmse": 0.008858547284087451,
        "mae": 0.007786672087251578,
        "std_estimate": 0.008858547284087451
    },
    "stats_ate_under": {
        "mean_bias": -0.0016278548688151706,
        "rmse": 0.006467695106090608,
        "mae": 0.005731404490114944,
        "std_estimate": 0.006467695106090608
    },
    "stats_ate_under_all": {
        "mean_bias": 0.04009903827381287,
        "rmse": 0.011265443847988717,
        "mae": 0.04009903827381287,
        "std_estimate": 0.011265443847988717
    },
    "stats_regret": {
        "mean_regret": 0.3628054080112487,
        "std_regret": 0.008377569961902477,
        "median_regret": 0.36087593807531126
    },
    "stats_regret_under": {
        "mean_regret": 0.36078996029750965,
        "std_regret": 0.004789408133559299,
        "median_regret": 0.3599422779731952
    },
    "stats_regret_under_all": {
        "mean_regret": 0.38073024788634946,
        "std_regret": 0.01004233587914604,
        "median_regret": 0.38454316180960957
    },
    "mean_proportion_treated": 0.12280099999999998,
    "std_proportion_treated": 0.0014713221944903845
}