{
    "stats_ate": {
        "mean_bias": -828926.6507105296,
        "rmse": 25756152.404177744,
        "mae": 18668996.721425764,
        "std_estimate": 25756152.404177744
    },
    "stats_ate_under": {
        "mean_bias": 0.1327986266854168,
        "rmse": 0.3578436052013323,
        "mae": 0.2988941481848052,
        "std_estimate": 0.3578436052013323
    },
    "stats_ate_under_all": {
        "mean_bias": 0.15141879287888133,
        "rmse": 0.4965785242805447,
        "mae": 0.39405440540174586,
        "std_estimate": 0.4965785242805448
    },
    "stats_regret": {
        "mean_regret": 0.6252432217204476,
        "std_regret": 0.019502353375671452,
        "median_regret": 0.6242229135345707
    },
    "stats_regret_under": {
        "mean_regret": 0.6511005710138474,
        "std_regret": 0.0280359227234196,
        "median_regret": 0.6444757306371491
    },
    "stats_regret_under_all": {
        "mean_regret": 0.6083622806034052,
        "std_regret": 0.022131478307177932,
        "median_regret": 0.6120854364123947
    },
    "mean_proportion_treated": 0.020142000000000004,
    "std_proportion_treated": 0.004450150109827757
}