{
    "stats_ate": {
        "mean_bias": -665683.8186272532,
        "rmse": 1030896.2739056867,
        "mae": 1122197.668324553,
        "std_estimate": 1030896.2739056867
    },
    "stats_ate_under": {
        "mean_bias": 0.006750729580196335,
        "rmse": 0.02089251779574938,
        "mae": 0.019802472920137815,
        "std_estimate": 0.02089251779574938
    },
    "stats_ate_under_all": {
        "mean_bias": 0.054007513113505136,
        "rmse": 0.031622097304426056,
        "mae": 0.054007513113505136,
        "std_estimate": 0.031622097304426056
    },
    "stats_regret": {
        "mean_regret": 0.42481236418592233,
        "std_regret": 0.018842609730383854,
        "median_regret": 0.42107031236512327
    },
    "stats_regret_under": {
        "mean_regret": 0.35770045713324816,
        "std_regret": 0.006949624940626284,
        "median_regret": 0.358824533649712
    },
    "stats_regret_under_all": {
        "mean_regret": 0.4100994553830416,
        "std_regret": 0.00961913487382307,
        "median_regret": 0.4048113706483569
    },
    "mean_proportion_treated": 0.020027,
    "std_proportion_treated": 0.0006097384685256458
}