{
    "stats_ate": {
        "mean_bias": 60961.23925925985,
        "rmse": 1265939.2409542531,
        "mae": 86509.863379834,
        "std_estimate": 1265939.2409542531
    },
    "stats_ate_under": {
        "mean_bias": 0.06829654372000474,
        "rmse": 0.12326657965936909,
        "mae": 0.11300891215860935,
        "std_estimate": 0.12326657965936907
    },
    "stats_ate_under_all": {
        "mean_bias": 0.09835640462826671,
        "rmse": 0.155605134928054,
        "mae": 0.1477153833242106,
        "std_estimate": 0.155605134928054
    },
    "stats_regret": {
        "mean_regret": 0.5525046727792134,
        "std_regret": 0.046562168269796735,
        "median_regret": 0.5578137071730629
    },
    "stats_regret_under": {
        "mean_regret": 0.5524271322636259,
        "std_regret": 0.04701639166806166,
        "median_regret": 0.558677805514654
    },
    "stats_regret_under_all": {
        "mean_regret": 0.5527671312788439,
        "std_regret": 0.03304187992613106,
        "median_regret": 0.5559695442796738
    },
    "mean_proportion_treated": 0.12296299999999999,
    "std_proportion_treated": 0.010198020935456057
}