{
    "stats_ate": {
        "mean_bias": -829573.9288138058,
        "rmse": 25756549.847385608,
        "mae": 18669572.27557425,
        "std_estimate": 25756549.847385608
    },
    "stats_ate_under": {
        "mean_bias": 0.134600239142527,
        "rmse": 0.5978514242808193,
        "mae": 0.4819927344775635,
        "std_estimate": 0.5978514242808193
    },
    "stats_ate_under_all": {
        "mean_bias": 0.1321247748496461,
        "rmse": 0.5333204891475198,
        "mae": 0.4197305531398173,
        "std_estimate": 0.5333204891475198
    },
    "stats_regret": {
        "mean_regret": 0.6229072665273696,
        "std_regret": 0.016762463732820684,
        "median_regret": 0.6235972872204567
    },
    "stats_regret_under": {
        "mean_regret": 0.5849205124823177,
        "std_regret": 0.04667700632910336,
        "median_regret": 0.6054276776185402
    },
    "stats_regret_under_all": {
        "mean_regret": 0.5804399070147772,
        "std_regret": 0.03578387802114482,
        "median_regret": 0.5872072045464135
    },
    "mean_proportion_treated": 0.020142000000000004,
    "std_proportion_treated": 0.004450150109827757
}