{
    "stats_ate": {
        "mean_bias": 0.01106888821893614,
        "rmse": 0.03609669915297766,
        "mae": 0.0308784533690642,
        "std_estimate": 0.03609669915297766
    },
    "stats_ate_under": {
        "mean_bias": 0.013150983009169559,
        "rmse": 0.03611191326935465,
        "mae": 0.028603191762693242,
        "std_estimate": 0.03611191326935465
    },
    "stats_ate_under_all": {
        "mean_bias": 0.05960381416163525,
        "rmse": 0.04886769889499543,
        "mae": 0.0629223172986691,
        "std_estimate": 0.04886769889499543
    },
    "stats_regret": {
        "mean_regret": 0.37987071054149785,
        "std_regret": 0.011310182690606595,
        "median_regret": 0.37822884391649736
    },
    "stats_regret_under": {
        "mean_regret": 0.37867939565535286,
        "std_regret": 0.010876658141538546,
        "median_regret": 0.37770256214408204
    },
    "stats_regret_under_all": {
        "mean_regret": 0.42347683663459584,
        "std_regret": 0.01631529279829486,
        "median_regret": 0.42316384832603327
    },
    "mean_proportion_treated": 0.122419,
    "std_proportion_treated": 0.0033755798020488263
}