{
    "stats_ate": {
        "mean_bias": 0.0071828800121366285,
        "rmse": 0.042688274257574176,
        "mae": 0.034132460631916106,
        "std_estimate": 0.042688274257574176
    },
    "stats_ate_under": {
        "mean_bias": 0.005459862455447931,
        "rmse": 0.059742506507097955,
        "mae": 0.04820772891363245,
        "std_estimate": 0.05974250650709797
    },
    "stats_ate_under_all": {
        "mean_bias": -0.036710163002696125,
        "rmse": 0.0536291988651216,
        "mae": 0.05365499283750103,
        "std_estimate": 0.053629198865121595
    },
    "stats_regret": {
        "mean_regret": 0.24898072077430228,
        "std_regret": 0.005745963919863543,
        "median_regret": 0.24872667257006953
    },
    "stats_regret_under": {
        "mean_regret": 0.2530327609471176,
        "std_regret": 0.009632771173511861,
        "median_regret": 0.2516480940567012
    },
    "stats_regret_under_all": {
        "mean_regret": 0.2808955264833388,
        "std_regret": 0.012873779334580955,
        "median_regret": 0.2805315869363193
    },
    "mean_proportion_treated": 0.122419,
    "std_proportion_treated": 0.0033755798020488263
}