{
    "stats_ate": {
        "mean_bias": 602684.1991776354,
        "rmse": 4132002.671843477,
        "mae": 3320656.8495697547,
        "std_estimate": 4132002.671843477
    },
    "stats_ate_under": {
        "mean_bias": 0.0304784079748409,
        "rmse": 0.0833886574430443,
        "mae": 0.06748393813948424,
        "std_estimate": 0.08338865744304429
    },
    "stats_ate_under_all": {
        "mean_bias": 0.07260582773511431,
        "rmse": 0.11373334917463467,
        "mae": 0.1068236776941209,
        "std_estimate": 0.11373334917463465
    },
    "stats_regret": {
        "mean_regret": 0.5542019350079542,
        "std_regret": 0.046377896688834484,
        "median_regret": 0.5599078969908934
    },
    "stats_regret_under": {
        "mean_regret": 0.4361709686515715,
        "std_regret": 0.048877271531326795,
        "median_regret": 0.4285553851544568
    },
    "stats_regret_under_all": {
        "mean_regret": 0.5182129818172493,
        "std_regret": 0.030646702382875902,
        "median_regret": 0.5139003497823875
    },
    "mean_proportion_treated": 0.020272000000000005,
    "std_proportion_treated": 0.0012818018567625808
}