{
    "stats_ate": {
        "mean_bias": 28865.09145969615,
        "rmse": 459602.35714221396,
        "mae": 34240.60168664046,
        "std_estimate": 459602.35714221396
    },
    "stats_ate_under": {
        "mean_bias": -0.0041763389062581344,
        "rmse": 0.12684520074545275,
        "mae": 0.10274974444897035,
        "std_estimate": 0.12684520074545277
    },
    "stats_ate_under_all": {
        "mean_bias": -0.03255847734250917,
        "rmse": 0.16580001299857797,
        "mae": 0.135035194101583,
        "std_estimate": 0.16580001299857797
    },
    "stats_regret": {
        "mean_regret": 0.30708814782268845,
        "std_regret": 0.04653552762235388,
        "median_regret": 0.2940646938305429
    },
    "stats_regret_under": {
        "mean_regret": 0.30142193351888885,
        "std_regret": 0.04253698197272569,
        "median_regret": 0.29043859990760057
    },
    "stats_regret_under_all": {
        "mean_regret": 0.43442891580937987,
        "std_regret": 0.06337652597184175,
        "median_regret": 0.42764126338540887
    },
    "mean_proportion_treated": 0.12296299999999999,
    "std_proportion_treated": 0.010198020935456057
}