{
    "stats_ate": {
        "mean_bias": 0.005878902747071395,
        "rmse": 0.042290974704087665,
        "mae": 0.03294764903903701,
        "std_estimate": 0.04229097470408766
    },
    "stats_ate_under": {
        "mean_bias": 0.003915553947878315,
        "rmse": 0.03811250341802934,
        "mae": 0.02789870883576274,
        "std_estimate": 0.03811250341802934
    },
    "stats_ate_under_all": {
        "mean_bias": -0.038493347673301745,
        "rmse": 0.05269032242960195,
        "mae": 0.05297565667776118,
        "std_estimate": 0.05269032242960195
    },
    "stats_regret": {
        "mean_regret": 0.24663787100227302,
        "std_regret": 0.005404324836604994,
        "median_regret": 0.24695947903354065
    },
    "stats_regret_under": {
        "mean_regret": 0.24653990234428985,
        "std_regret": 0.006699326202122446,
        "median_regret": 0.24604803970513311
    },
    "stats_regret_under_all": {
        "mean_regret": 0.2652266930790277,
        "std_regret": 0.00966993302962067,
        "median_regret": 0.2647266147065285
    },
    "mean_proportion_treated": 0.122419,
    "std_proportion_treated": 0.0033755798020488263
}