{
    "stats_ate": {
        "mean_bias": 1142600.2178538598,
        "rmse": 5157878.981936767,
        "mae": 4174369.1273397245,
        "std_estimate": 5157878.981936767
    },
    "stats_ate_under": {
        "mean_bias": 0.002120106597815805,
        "rmse": 0.08281529581203362,
        "mae": 0.06222893713157982,
        "std_estimate": 0.08281529581203362
    },
    "stats_ate_under_all": {
        "mean_bias": -0.05550588319218727,
        "rmse": 0.12679739095080084,
        "mae": 0.11826959255373794,
        "std_estimate": 0.12679739095080084
    },
    "stats_regret": {
        "mean_regret": 0.46710800565922517,
        "std_regret": 0.1426333610022987,
        "median_regret": 0.44035183049939464
    },
    "stats_regret_under": {
        "mean_regret": 0.2556428827303915,
        "std_regret": 0.009763216770003446,
        "median_regret": 0.2545268437076419
    },
    "stats_regret_under_all": {
        "mean_regret": 0.371366103501812,
        "std_regret": 0.03942717185420398,
        "median_regret": 0.366367006856568
    },
    "mean_proportion_treated": 0.020272000000000005,
    "std_proportion_treated": 0.0012818018567625808
}