{
    "stats_ate": {
        "mean_bias": 658070.2734202667,
        "rmse": 26882641.613019988,
        "mae": 19264242.046996094,
        "std_estimate": 26882641.613019988
    },
    "stats_ate_under": {
        "mean_bias": -0.04432941034406371,
        "rmse": 0.3724336142081122,
        "mae": 0.2938221369189223,
        "std_estimate": 0.3724336142081122
    },
    "stats_ate_under_all": {
        "mean_bias": -0.04119821184493507,
        "rmse": 0.5174723534468961,
        "mae": 0.396389311619501,
        "std_estimate": 0.5174723534468961
    },
    "stats_regret": {
        "mean_regret": 0.6977081656209903,
        "std_regret": 0.08455563833833689,
        "median_regret": 0.7380094138294624
    },
    "stats_regret_under": {
        "mean_regret": 0.6455783565206602,
        "std_regret": 0.09374390321689928,
        "median_regret": 0.6623442130467659
    },
    "stats_regret_under_all": {
        "mean_regret": 0.6611084767489087,
        "std_regret": 0.07855304583174685,
        "median_regret": 0.6787938956474405
    },
    "mean_proportion_treated": 0.020142000000000004,
    "std_proportion_treated": 0.004450150109827757
}