{
    "stats_ate": {
        "mean_bias": -532807.6069864013,
        "rmse": 1000358.4758116357,
        "mae": 930103.4613427864,
        "std_estimate": 1000358.4758116357
    },
    "stats_ate_under": {
        "mean_bias": -0.003193598364098116,
        "rmse": 0.02287185297826274,
        "mae": 0.01852856784399568,
        "std_estimate": 0.022871852978262743
    },
    "stats_ate_under_all": {
        "mean_bias": -0.036736340272614784,
        "rmse": 0.03559966456227927,
        "mae": 0.04582124243170702,
        "std_estimate": 0.03559966456227927
    },
    "stats_regret": {
        "mean_regret": 0.2601513770101322,
        "std_regret": 0.010950555378531911,
        "median_regret": 0.2575580082106167
    },
    "stats_regret_under": {
        "mean_regret": 0.24327555431312967,
        "std_regret": 0.0063694595863354785,
        "median_regret": 0.2421906401536188
    },
    "stats_regret_under_all": {
        "mean_regret": 0.2536962371565965,
        "std_regret": 0.0053008340570063475,
        "median_regret": 0.2541667445139568
    },
    "mean_proportion_treated": 0.020027,
    "std_proportion_treated": 0.0006097384685256458
}