{
    "stats_ate": {
        "mean_bias": -0.0019064509319708044,
        "rmse": 0.008324317451740441,
        "mae": 0.007063094360279553,
        "std_estimate": 0.00832431745174044
    },
    "stats_ate_under": {
        "mean_bias": 0.008512846422556031,
        "rmse": 0.01596664399965705,
        "mae": 0.013420880955463987,
        "std_estimate": 0.01596664399965705
    },
    "stats_ate_under_all": {
        "mean_bias": 0.04481153843275354,
        "rmse": 0.012503085895475656,
        "mae": 0.04481153843275354,
        "std_estimate": 0.012503085895475658
    },
    "stats_regret": {
        "mean_regret": 0.36315860401992534,
        "std_regret": 0.009851685889779967,
        "median_regret": 0.3615130911756157
    },
    "stats_regret_under": {
        "mean_regret": 0.36789804274693855,
        "std_regret": 0.007823850346900911,
        "median_regret": 0.36679128910475023
    },
    "stats_regret_under_all": {
        "mean_regret": 0.3856792340087791,
        "std_regret": 0.006924397473023598,
        "median_regret": 0.38520508397249986
    },
    "mean_proportion_treated": 0.12280099999999998,
    "std_proportion_treated": 0.0014713221944903845
}