{
    "stats_ate": {
        "mean_bias": -547346.234394553,
        "rmse": 12036971.728745125,
        "mae": 9073853.473937992,
        "std_estimate": 12036971.728745125
    },
    "stats_ate_under": {
        "mean_bias": -0.0042101118297944605,
        "rmse": 0.23049074035475847,
        "mae": 0.17975702115979994,
        "std_estimate": 0.23049074035475847
    },
    "stats_ate_under_all": {
        "mean_bias": 0.00665334074414055,
        "rmse": 0.2545587111865611,
        "mae": 0.20281307427111217,
        "std_estimate": 0.2545587111865611
    },
    "mean_proportion_treated": 0.061343,
    "std_proportion_treated": 0.003218060129954069
}