{
    "mean_bias_ate": 553917.6096930545,
    "mean_bias_ate_under": -0.014561171943444829,
    "mean_bias_ate_under_all": 0.012874579375656442,
    "std_bias_ate": 28000678.039102726,
    "std_bias_ate_under": 0.42217924993636263,
    "std_bias_ate_under_all": 0.42369684203539737,
    "mean_proportion_treated": 0.061465500000000006,
    "std_proportion_treated": 0.005290468764674828
}