{
    "stats_ate": {
        "mean_bias": -515707.0016629539,
        "rmse": 50046781.07974678,
        "mae": 38088235.48827393,
        "std_estimate": 50046781.07974678
    },
    "stats_ate_under": {
        "mean_bias": -552.6672381374104,
        "rmse": 152126.930763483,
        "mae": 2272.371889096701,
        "std_estimate": 152126.930763483
    },
    "stats_ate_under_all": {
        "mean_bias": 0.009795899901072304,
        "rmse": 0.7026077728105036,
        "mae": 0.553137897528748,
        "std_estimate": 0.7026077728105036
    },
    "mean_proportion_treated": 0.024562750000000005,
    "std_proportion_treated": 0.003467028617923423
}